"patient_id","age","conditions","contraindications","recommended_medication","symptoms"
"cd1ef592-d38e-4391-8f7b-19157ae35f17","42","[{""S"":""diabetes""},{""S"":""hypertension""}]","[{""S"":""antihistamine""}]","[{""S"":""Dizzy Relief""},{""S"":""Paracetamol""},{""S"":""Bronchodilator""}]","[{""S"":""dizziness""},{""S"":""fever""},{""S"":""shortness of breath""}]"
"b6f1f0c8-d55a-4b30-ae9c-e92074bd531d","13","[]","[{""S"":""aspirin""}]","[{""S"":""Ibuprofen""},{""S"":""Dizzy Relief""}]","[{""S"":""headache""},{""S"":""dizziness""}]"
"d496a0dc-c8dc-4c25-92ad-9bc5561eb78f","56","[]","[{""S"":""antihistamine""}]","[{""S"":""Throat Lozenges""},{""S"":""Paracetamol""},{""S"":""Pain Reliever""}]","[{""S"":""sore throat""},{""S"":""fever""},{""S"":""body aches""}]"
"e39114e0-9585-49de-a090-963bc91b22b2","35","[{""S"":""hypertension""},{""S"":""arthritis""}]","[{""S"":""antihistamine""}]","[{""S"":""Anti-nausea Medication""}]","[{""S"":""nausea""}]"
"e6545654-5c98-40db-a850-9a5d868a5807","46","[]","[]","[{""S"":""Ibuprofen""},{""S"":""Bronchodilator""},{""S"":""Rest""}]","[{""S"":""headache""},{""S"":""shortness of breath""},{""S"":""fatigue""}]"
"9b59bdf7-4f7a-49a7-b111-5bfc4c4f49bf","62","[]","[]","[{""S"":""Pain Reliever""},{""S"":""Paracetamol""},{""S"":""Rest""}]","[{""S"":""body aches""},{""S"":""fever""},{""S"":""fatigue""}]"
"4abcc790-4c49-41ec-bb40-74d75798ef81","30","[{""S"":""arthritis""},{""S"":""hypertension""}]","[]","[{""S"":""Throat Lozenges""},{""S"":""Paracetamol""}]","[{""S"":""sore throat""},{""S"":""fever""}]"
"92ce4dff-c029-42a2-9b43-69a3ca2cb8cb","67","[{""S"":""kidney disease""}]","[]","[{""S"":""Anti-nausea Medication""},{""S"":""Rest""}]","[{""S"":""nausea""},{""S"":""fatigue""}]"
"eda34804-0778-4438-ae8c-6703b0604016","23","[]","[{""S"":""acetaminophen""},{""S"":""ibuprofen""}]","[{""S"":""Rest""},{""S"":""Paracetamol""}]","[{""S"":""fatigue""},{""S"":""fever""}]"
"cc08a7af-4443-4be9-bb59-a14f71dd2559","82","[{""S"":""asthma""},{""S"":""arthritis""}]","[{""S"":""paracetamol""},{""S"":""aspirin""}]","[{""S"":""Bronchodilator""},{""S"":""Rest""},{""S"":""Throat Lozenges""}]","[{""S"":""shortness of breath""},{""S"":""fatigue""},{""S"":""sore throat""}]"
"99385398-2aba-4aa5-a337-faeee5ea5c14","41","[{""S"":""diabetes""},{""S"":""heart disease""}]","[{""S"":""naproxen""}]","[{""S"":""Dizzy Relief""}]","[{""S"":""dizziness""}]"
"cee25ef6-fe05-402a-868e-d2c9ba6ddadc","58","[]","[{""S"":""ibuprofen""},{""S"":""aspirin""}]","[{""S"":""Anti-nausea Medication""},{""S"":""Paracetamol""},{""S"":""Antihistamine""}]","[{""S"":""nausea""},{""S"":""fever""},{""S"":""cold""}]"
"de51f64f-42db-4a37-b0ac-2cdb65ab06b8","51","[{""S"":""hypertension""}]","[]","[{""S"":""Ibuprofen""},{""S"":""Dizzy Relief""}]","[{""S"":""headache""},{""S"":""dizziness""}]"
"202013ba-3aff-4c0e-97d1-996ffdea33e2","30","[{""S"":""heart disease""},{""S"":""asthma""}]","[]","[{""S"":""Paracetamol""},{""S"":""Throat Lozenges""}]","[{""S"":""fever""},{""S"":""sore throat""}]"
"6b51546b-a7bc-4331-9c20-33a4e54cba1d","55","[]","[]","[{""S"":""Throat Lozenges""},{""S"":""Paracetamol""}]","[{""S"":""sore throat""},{""S"":""fever""}]"
"5d56d8b6-3cff-4535-858c-47e1a8097d50","34","[{""S"":""kidney disease""}]","[{""S"":""naproxen""},{""S"":""codeine""}]","[{""S"":""Dizzy Relief""},{""S"":""Paracetamol""}]","[{""S"":""dizziness""},{""S"":""fever""}]"
"04c352ce-9aac-40d2-9dbf-4c8562cfd2b5","50","[{""S"":""diabetes""},{""S"":""kidney disease""}]","[{""S"":""paracetamol""}]","[{""S"":""Pain Reliever""}]","[{""S"":""body aches""}]"
"5f5e5248-0793-402b-ac62-5ec9ce687401","54","[{""S"":""cancer""},{""S"":""obesity""}]","[]","[{""S"":""Ibuprofen""},{""S"":""Cough Syrup""},{""S"":""Throat Lozenges""}]","[{""S"":""headache""},{""S"":""cough""},{""S"":""sore throat""}]"
"124e01f5-f936-4e5b-9e5c-13af20358b63","74","[]","[]","[{""S"":""Throat Lozenges""}]","[{""S"":""sore throat""}]"
"20be7ffb-cde7-4b57-ac7f-054b0af7e749","24","[]","[{""S"":""codeine""},{""S"":""antihistamine""}]","[{""S"":""Ibuprofen""},{""S"":""Throat Lozenges""},{""S"":""Paracetamol""}]","[{""S"":""headache""},{""S"":""sore throat""},{""S"":""fever""}]"
"4fd5b9bc-f97a-43bf-994c-7d401045b121","42","[{""S"":""arthritis""},{""S"":""kidney disease""}]","[{""S"":""antihistamine""},{""S"":""paracetamol""}]","[{""S"":""Dizzy Relief""},{""S"":""Pain Reliever""}]","[{""S"":""dizziness""},{""S"":""body aches""}]"
"ba66ff3c-45fe-440c-8d63-437c2f63eb12","23","[{""S"":""asthma""}]","[{""S"":""antihistamine""}]","[{""S"":""Dizzy Relief""},{""S"":""Cough Syrup""}]","[{""S"":""dizziness""},{""S"":""cough""}]"
"32ca076e-c1a5-408a-8ad0-3525996990c6","21","[{""S"":""heart disease""},{""S"":""obesity""}]","[{""S"":""ibuprofen""}]","[{""S"":""Rest""}]","[{""S"":""fatigue""}]"
"70a9a3f9-39e4-479a-92ed-2738fe258895","64","[]","[{""S"":""acetaminophen""},{""S"":""naproxen""}]","[{""S"":""Cough Syrup""}]","[{""S"":""cough""}]"
"f91228a4-a078-4f66-86af-c7ea9ea10c8d","9","[]","[]","[{""S"":""Throat Lozenges""}]","[{""S"":""sore throat""}]"
"477d5110-4adc-4bf3-89a3-920c833bc84f","52","[]","[]","[{""S"":""Pain Reliever""},{""S"":""Throat Lozenges""}]","[{""S"":""body aches""},{""S"":""sore throat""}]"
"e28f02c0-b33e-4835-b837-5968e4f1eb22","38","[{""S"":""hypertension""},{""S"":""kidney disease""}]","[{""S"":""naproxen""}]","[{""S"":""Antihistamine""},{""S"":""Bronchodilator""},{""S"":""Throat Lozenges""}]","[{""S"":""cold""},{""S"":""shortness of breath""},{""S"":""sore throat""}]"
"d959d21b-4c35-47e3-9246-57db0f365a76","7","[]","[]","[{""S"":""Cough Syrup""},{""S"":""Pain Reliever""}]","[{""S"":""cough""},{""S"":""body aches""}]"
"9e005283-3e65-4cce-ab7d-46564b1f7946","36","[{""S"":""obesity""}]","[]","[{""S"":""Bronchodilator""},{""S"":""Ibuprofen""},{""S"":""Cough Syrup""}]","[{""S"":""shortness of breath""},{""S"":""headache""},{""S"":""cough""}]"
"587c892e-7360-4644-a1d1-b3db2bb3772c","6","[{""S"":""hypertension""},{""S"":""obesity""}]","[{""S"":""naproxen""}]","[{""S"":""Dizzy Relief""},{""S"":""Paracetamol""}]","[{""S"":""dizziness""},{""S"":""fever""}]"
"c9a127db-7744-4c03-9162-c4c332799cca","78","[]","[]","[{""S"":""Anti-nausea Medication""},{""S"":""Dizzy Relief""}]","[{""S"":""nausea""},{""S"":""dizziness""}]"
"6123d35b-025a-481b-912b-0a98b03f093f","76","[{""S"":""asthma""},{""S"":""diabetes""}]","[{""S"":""paracetamol""}]","[{""S"":""Pain Reliever""},{""S"":""Dizzy Relief""}]","[{""S"":""body aches""},{""S"":""dizziness""}]"
"52ef2fe8-c593-40e7-8a6d-735ea3484d6e","33","[{""S"":""hypertension""},{""S"":""heart disease""}]","[{""S"":""acetaminophen""},{""S"":""naproxen""}]","[{""S"":""Ibuprofen""}]","[{""S"":""headache""}]"
"f3587cdc-d243-43b4-b3d0-293dce61a378","4","[]","[{""S"":""aspirin""}]","[{""S"":""Rest""},{""S"":""Throat Lozenges""}]","[{""S"":""fatigue""},{""S"":""sore throat""}]"
"99400c37-94f2-4714-8d09-da638b9b176f","26","[{""S"":""asthma""},{""S"":""heart disease""}]","[]","[{""S"":""Cough Syrup""},{""S"":""Antihistamine""},{""S"":""Ibuprofen""}]","[{""S"":""cough""},{""S"":""cold""},{""S"":""headache""}]"
"06cc3367-3667-4fc0-8957-532607a7eccd","18","[{""S"":""cancer""}]","[]","[{""S"":""Paracetamol""}]","[{""S"":""fever""}]"
"d2a29a24-f86d-4346-b066-e26ee5200f1c","89","[{""S"":""heart disease""},{""S"":""obesity""}]","[{""S"":""ibuprofen""}]","[{""S"":""Rest""},{""S"":""Paracetamol""}]","[{""S"":""fatigue""},{""S"":""fever""}]"
"607f2a64-9056-419d-b3f4-b8c5019d8dbf","53","[{""S"":""asthma""}]","[{""S"":""aspirin""}]","[{""S"":""Ibuprofen""},{""S"":""Antihistamine""},{""S"":""Bronchodilator""}]","[{""S"":""headache""},{""S"":""cold""},{""S"":""shortness of breath""}]"
"22b8ad3b-0f81-4319-b7fd-6e7d3fdb6c7c","32","[]","[{""S"":""antihistamine""}]","[{""S"":""Anti-nausea Medication""},{""S"":""Throat Lozenges""},{""S"":""Dizzy Relief""}]","[{""S"":""nausea""},{""S"":""sore throat""},{""S"":""dizziness""}]"
"6da0c616-32f3-409c-940f-cf2ce48fc364","33","[{""S"":""diabetes""}]","[]","[{""S"":""Paracetamol""},{""S"":""Anti-nausea Medication""},{""S"":""Throat Lozenges""}]","[{""S"":""fever""},{""S"":""nausea""},{""S"":""sore throat""}]"
"5897aa8f-2f0b-4fa8-acd1-eae4ceb7bb6f","28","[{""S"":""heart disease""},{""S"":""arthritis""}]","[]","[{""S"":""Pain Reliever""},{""S"":""Dizzy Relief""},{""S"":""Throat Lozenges""}]","[{""S"":""body aches""},{""S"":""dizziness""},{""S"":""sore throat""}]"
"a269e889-dff1-4fcd-9768-fa2b606e6cd3","37","[{""S"":""hypertension""}]","[{""S"":""codeine""},{""S"":""ibuprofen""}]","[{""S"":""Throat Lozenges""}]","[{""S"":""sore throat""}]"
"1a2d3034-ad45-46ed-9092-48b998050035","81","[]","[{""S"":""antihistamine""}]","[{""S"":""Pain Reliever""},{""S"":""Bronchodilator""},{""S"":""Dizzy Relief""}]","[{""S"":""body aches""},{""S"":""shortness of breath""},{""S"":""dizziness""}]"
"057bd0bf-5295-4e25-b638-b2ff7cc41a01","4","[{""S"":""cancer""}]","[]","[{""S"":""Antihistamine""}]","[{""S"":""cold""}]"
"c852f6b4-682e-4138-96fe-3ed089e7b3a6","17","[]","[{""S"":""antihistamine""}]","[{""S"":""Pain Reliever""},{""S"":""Rest""}]","[{""S"":""body aches""},{""S"":""fatigue""}]"
"82357be3-6b58-4900-82bf-eab107592b28","73","[{""S"":""diabetes""},{""S"":""obesity""}]","[{""S"":""aspirin""}]","[{""S"":""Cough Syrup""},{""S"":""Rest""},{""S"":""Throat Lozenges""}]","[{""S"":""cough""},{""S"":""fatigue""},{""S"":""sore throat""}]"
"7dffa260-a50b-419e-a9f0-c1a2d999784a","69","[]","[{""S"":""acetaminophen""},{""S"":""paracetamol""}]","[{""S"":""Bronchodilator""}]","[{""S"":""shortness of breath""}]"
"79b4bc78-8107-45e2-a7b3-79c9b0fbd632","62","[{""S"":""hypertension""},{""S"":""kidney disease""}]","[]","[{""S"":""Throat Lozenges""}]","[{""S"":""sore throat""}]"
"e15c2a77-83c1-49c7-8f96-dde96fbe9e6a","42","[{""S"":""obesity""},{""S"":""asthma""}]","[{""S"":""acetaminophen""},{""S"":""ibuprofen""}]","[{""S"":""Anti-nausea Medication""},{""S"":""Rest""},{""S"":""Throat Lozenges""}]","[{""S"":""nausea""},{""S"":""fatigue""},{""S"":""sore throat""}]"
"12345","30","[{""S"":""asthma""}]","[{""S"":""antihistamine""}]","[{""S"":""Paracetamol""},{""S"":""Antihistamine""}]","[{""S"":""fever""},{""S"":""cold""}]"